name,surname
Michael,SMITH
James,JOHNSON
John,WILLIAMS
Robert,BROWN
David,JONES
William,MILLER
Mary,DAVIS
Christopher,GARCIA
Joseph,RODRIGUEZ
Richard,WILSON
Daniel,MARTINEZ
Thomas,ANDERSON
Matthew,TAYLOR
Jennifer,THOMAS
Charles,HERNANDEZ
Anthony,MOORE
Patricia,MARTIN
Linda,JACKSON
Mark,THOMPSON
Elizabeth,WHITE
Joshua,LOPEZ
Steven,LEE
Andrew,GONZALEZ
Kevin,HARRIS
Brian,CLARK
Barbara,LEWIS
Jessica,ROBINSON
Jason,WALKER
Susan,PEREZ
Timothy,HALL
Paul,YOUNG
Kenneth,ALLEN
Lisa,SANCHEZ
Ryan,WRIGHT
Sarah,KING
Karen,SCOTT
Jeffrey,GREEN
Donald,BAKER
Ashley,ADAMS
Eric,NELSON
Jacob,HILL
Nicholas,RAMIREZ
Jonathan,CAMPBELL
Ronald,MITCHELL
Michelle,ROBERTS
Kimberly,CARTER
Nancy,PHILLIPS
Justin,EVANS
Sandra,TURNER
Amanda,TORRES
Brandon,PARKER
Stephanie,COLLINS
Emily,EDWARDS
Melissa,STEWART
Gary,FLORES
Edward,MORRIS
Stephen,NGUYEN
Scott,MURPHY
George,RIVERA
Donna,COOK
Jose,ROGERS
Rebecca,MORGAN
Deborah,PETERSON
Laura,COOPER
Cynthia,REED
Carol,BAILEY
Amy,BELL
Margaret,GOMEZ
Gregory,KELLY
Sharon,HOWARD
Larry,WARD
Angela,COX
Maria,DIAZ
Alexander,RICHARDSON
Benjamin,WOOD
Nicole,WATSON
Kathleen,BROOKS
Patrick,BENNETT
Samantha,GRAY
Tyler,JAMES
Samuel,REYES
Betty,CRUZ
Brenda,HUGHES
Pamela,PRICE
Aaron,MYERS
Kelly,LONG
Heather,FOSTER
Rachel,SANDERS
Adam,ROSS
Christine,MORALES
Zachary,POWELL
Debra,SULLIVAN
Katherine,RUSSELL
Dennis,ORTIZ
Nathan,JENKINS
Christina,GUTIERREZ
Julie,PERRY
Jordan,BUTLER
Kyle,BARNES
Anna,FISHER
Michael,HENDERSON
James,COLEMAN
John,SIMMONS
Robert,PATTERSON
David,JORDAN
William,REYNOLDS
Mary,HAMILTON
Christopher,GRAHAM
Joseph,KIM
Richard,GONZALES
Daniel,ALEXANDER
Thomas,RAMOS
Matthew,WALLACE
Jennifer,GRIFFIN
Charles,WEST
Anthony,COLE
Patricia,HAYES
Linda,CHAVEZ
Mark,GIBSON
Elizabeth,BRYANT
Joshua,ELLIS
Steven,STEVENS
Andrew,MURRAY
Kevin,FORD
Brian,MARSHALL
Barbara,OWENS
Jessica,MCDONALD
Jason,HARRISON
Susan,RUIZ
Timothy,KENNEDY
Paul,WELLS
Kenneth,ALVAREZ
Lisa,WOODS
Ryan,MENDOZA
Sarah,CASTILLO
Karen,OLSON
Jeffrey,WEBB
Donald,WASHINGTON
Ashley,TUCKER
Eric,FREEMAN
Jacob,BURNS
Nicholas,HENRY
Jonathan,VASQUEZ
Ronald,SNYDER
Michelle,SIMPSON
Kimberly,CRAWFORD
Nancy,JIMENEZ
Justin,PORTER
Sandra,MASON
Amanda,SHAW
Brandon,GORDON
Stephanie,WAGNER
Emily,HUNTER
Melissa,ROMERO
Gary,HICKS
Edward,DIXON
Stephen,HUNT
Scott,PALMER
George,ROBERTSON
Donna,BLACK
Jose,HOLMES
Rebecca,STONE
Deborah,MEYER
Laura,BOYD
Cynthia,MILLS
Carol,WARREN
Amy,FOX
Margaret,ROSE
Gregory,RICE
Sharon,MORENO
Larry,SCHMIDT
Angela,PATEL
Maria,FERGUSON
Alexander,NICHOLS
Benjamin,HERRERA
Nicole,MEDINA
Kathleen,RYAN
Patrick,FERNANDEZ
Samantha,WEAVER
Tyler,DANIELS
Samuel,STEPHENS
Betty,GARDNER
Brenda,PAYNE
Pamela,KELLEY
Aaron,DUNN
Kelly,PIERCE
Heather,ARNOLD
Rachel,TRAN
Adam,SPENCER
Christine,PETERS
Zachary,HAWKINS
Debra,GRANT
Katherine,HANSEN
Dennis,CASTRO
Nathan,HOFFMAN
Christina,HART
Julie,ELLIOTT
Jordan,CUNNINGHAM
Kyle,KNIGHT
Anna,BRADLEY
Michael,CARROLL
James,HUDSON
John,DUNCAN
Robert,ARMSTRONG
David,BERRY
William,ANDREWS
Mary,JOHNSTON
Christopher,RAY
Joseph,LANE
Richard,RILEY
Daniel,CARPENTER
Thomas,PERKINS
Matthew,AGUILAR
Jennifer,SILVA
Charles,RICHARDS
Anthony,WILLIS
Patricia,MATTHEWS
Linda,CHAPMAN
Mark,LAWRENCE
Elizabeth,GARZA
Joshua,VARGAS
Steven,WATKINS
Andrew,WHEELER
Kevin,LARSON
Brian,CARLSON
Barbara,HARPER
Jessica,GEORGE
Jason,GREENE
Susan,BURKE
Timothy,GUZMAN
Paul,MORRISON
Kenneth,MUNOZ
Lisa,JACOBS
Ryan,OBRIEN
Sarah,LAWSON
Karen,FRANKLIN
Jeffrey,LYNCH
Donald,BISHOP
Ashley,CARR
Eric,SALAZAR
Jacob,AUSTIN
Nicholas,MENDEZ
Jonathan,GILBERT
Ronald,JENSEN
Michelle,WILLIAMSON
Kimberly,MONTGOMERY
Nancy,HARVEY
Justin,OLIVER
Sandra,HOWELL
Amanda,DEAN
Brandon,HANSON
Stephanie,WEBER
Emily,GARRETT
Melissa,SIMS
Gary,BURTON
Edward,FULLER
Stephen,SOTO
Scott,MCCOY
George,WELCH
Donna,CHEN
Jose,SCHULTZ
Rebecca,WALTERS
Deborah,REID
Laura,FIELDS
Cynthia,WALSH
Carol,LITTLE
Amy,FOWLER
Margaret,BOWMAN
Gregory,DAVIDSON
Sharon,MAY
Larry,DAY
Angela,SCHNEIDER
Maria,NEWMAN
Alexander,BREWER
Benjamin,LUCAS
Nicole,HOLLAND
Kathleen,WONG
Patrick,BANKS
Samantha,SANTOS
Tyler,CURTIS
Samuel,PEARSON
Betty,DELGADO
Brenda,VALDEZ
Pamela,PENA
Aaron,RIOS
Kelly,DOUGLAS
Heather,SANDOVAL
Rachel,BARRETT
Adam,HOPKINS
Christine,KELLER
Zachary,GUERRERO
Debra,STANLEY
Katherine,BATES
Dennis,ALVARADO
Nathan,BECK
Christina,ORTEGA
Julie,WADE
Jordan,ESTRADA
Kyle,CONTRERAS
Anna,BARNETT
Michael,CALDWELL
James,SANTIAGO
John,LAMBERT
Robert,POWERS
David,CHAMBERS
William,NUNEZ
Mary,CRAIG
Christopher,LEONARD
Joseph,LOWE
Richard,RHODES
Daniel,BYRD
Thomas,GREGORY
Matthew,SHELTON
Jennifer,FRAZIER
Charles,BECKER
Anthony,MALDONADO
Patricia,FLEMING
Linda,VEGA
Mark,SUTTON
Elizabeth,COHEN
Joshua,JENNINGS
Steven,PARKS
Andrew,MCDANIEL
Kevin,WATTS
Brian,BARKER
Barbara,NORRIS
Jessica,VAUGHN
Jason,VAZQUEZ
Susan,HOLT
Timothy,SCHWARTZ
Paul,STEELE
Kenneth,BENSON
Lisa,NEAL
Ryan,DOMINGUEZ
Sarah,HORTON
Karen,TERRY
Jeffrey,WOLFE
Donald,HALE
Ashley,LYONS
Eric,GRAVES
Jacob,HAYNES
Nicholas,MILES
Jonathan,PARK
Ronald,WARNER
Michelle,PADILLA
Kimberly,BUSH
Nancy,THORNTON
Justin,MCCARTHY
Sandra,MANN
Amanda,ZIMMERMAN
Brandon,ERICKSON
Stephanie,FLETCHER
Emily,MCKINNEY
Melissa,PAGE
Gary,DAWSON
Edward,JOSEPH
Stephen,MARQUEZ
Scott,REEVES
George,KLEIN
Donna,ESPINOZA
Jose,BALDWIN
Rebecca,MORAN
Deborah,LOVE
Laura,ROBBINS
Cynthia,HIGGINS
Carol,BALL
Amy,CORTEZ
Margaret,LE
Gregory,GRIFFITH
Sharon,BOWEN
Larry,SHARP
Angela,CUMMINGS
Maria,RAMSEY
Alexander,HARDY
Benjamin,SWANSON
Nicole,BARBER
Kathleen,ACOSTA
Patrick,LUNA
Samantha,CHANDLER
Tyler,BLAIR
Samuel,DANIEL
Betty,CROSS
Brenda,SIMON
Pamela,DENNIS
Aaron,OCONNOR
Kelly,QUINN
Heather,GROSS
Rachel,NAVARRO
Adam,MOSS
Christine,FITZGERALD
Zachary,DOYLE
Debra,MCLAUGHLIN
Katherine,ROJAS
Dennis,RODGERS
Nathan,STEVENSON
Christina,SINGH
Julie,YANG
Jordan,FIGUEROA
Kyle,HARMON
Anna,NEWTON
Michael,PAUL
James,MANNING
John,GARNER
Robert,MCGEE
David,REESE
William,FRANCIS
Mary,BURGESS
Christopher,ADKINS
Joseph,GOODMAN
Richard,CURRY
Daniel,BRADY
Thomas,CHRISTENSEN
Matthew,POTTER
Jennifer,WALTON
Charles,GOODWIN
Anthony,MULLINS
Patricia,MOLINA
Linda,WEBSTER
Mark,FISCHER
Elizabeth,CAMPOS
Joshua,AVILA
Steven,SHERMAN
Andrew,TODD
Kevin,CHANG
Brian,BLAKE
Barbara,MALONE
Jessica,WOLF
Jason,HODGES
Susan,JUAREZ
Timothy,GILL
Paul,FARMER
Kenneth,HINES
Lisa,GALLAGHER
Ryan,DURAN
Sarah,HUBBARD
Karen,CANNON
Jeffrey,MIRANDA
Donald,WANG
Ashley,SAUNDERS
Eric,TATE
Jacob,MACK
Nicholas,HAMMOND
Jonathan,CARRILLO
Ronald,TOWNSEND
Michelle,WISE
Kimberly,INGRAM
Nancy,BARTON
Justin,MEJIA
Sandra,AYALA
Amanda,SCHROEDER
Brandon,HAMPTON
Stephanie,ROWE
Emily,PARSONS
Melissa,FRANK
Gary,WATERS
Edward,STRICKLAND
Stephen,OSBORNE
Scott,MAXWELL
George,CHAN
Donna,DELEON
Jose,NORMAN
Rebecca,HARRINGTON
Deborah,CASEY
Laura,PATTON
Cynthia,LOGAN
Carol,BOWERS
Amy,MUELLER
Margaret,GLOVER
Gregory,FLOYD
Sharon,HARTMAN
Larry,BUCHANAN
Angela,COBB
Maria,FRENCH
Alexander,KRAMER
Benjamin,MCCORMICK
Nicole,CLARKE
Kathleen,TYLER
Patrick,GIBBS
Samantha,MOODY
Tyler,CONNER
Samuel,SPARKS
Betty,MCGUIRE
Brenda,LEON
Pamela,BAUER
Aaron,NORTON
Kelly,POPE
Heather,FLYNN
Rachel,HOGAN
Adam,ROBLES
Christine,SALINAS
Zachary,YATES
Debra,LINDSEY
Katherine,LLOYD
Dennis,MARSH
Nathan,MCBRIDE
Christina,OWEN
Julie,SOLIS
Jordan,PHAM
Kyle,LANG
Anna,PRATT
Michael,LARA
James,BROCK
John,BALLARD
Robert,TRUJILLO
David,SHAFFER
William,DRAKE
Mary,ROMAN
Christopher,AGUIRRE
Joseph,MORTON
Richard,STOKES
Daniel,LAMB
Thomas,PACHECO
Matthew,PATRICK
Jennifer,COCHRAN
Charles,SHEPHERD
Anthony,CAIN
Patricia,BURNETT
Linda,HESS
Mark,LI
Elizabeth,CERVANTES
Joshua,OLSEN
Steven,BRIGGS
Andrew,OCHOA
Kevin,CABRERA
Brian,VELASQUEZ
Barbara,MONTOYA
Jessica,ROTH
Jason,MEYERS
Susan,CARDENAS
Timothy,FUENTES
Paul,WEISS
Kenneth,HOOVER
Lisa,WILKINS
Ryan,NICHOLSON
Sarah,UNDERWOOD
Karen,SHORT
Jeffrey,CARSON
Donald,MORROW
Ashley,COLON
Eric,HOLLOWAY
Jacob,SUMMERS
Nicholas,BRYAN
Jonathan,PETERSEN
Ronald,MCKENZIE
Michelle,SERRANO
Kimberly,WILCOX
Nancy,CAREY
Justin,CLAYTON
Sandra,POOLE
Amanda,CALDERON
Brandon,GALLEGOS
Stephanie,GREER
Emily,RIVAS
Melissa,GUERRA
Gary,DECKER
Edward,COLLIER
Stephen,WALL
Scott,WHITAKER
George,BASS
Donna,FLOWERS
Jose,DAVENPORT
Rebecca,CONLEY
Deborah,HOUSTON
Laura,HUFF
Cynthia,COPELAND
Carol,HOOD
Amy,MONROE
Margaret,MASSEY
Gregory,ROBERSON
Sharon,COMBS
Larry,FRANCO
Angela,LARSEN
Maria,PITTMAN
Alexander,RANDALL
Benjamin,SKINNER
Nicole,WILKINSON
Kathleen,KIRBY
Patrick,CAMERON
Samantha,BRIDGES
Tyler,ANTHONY
Samuel,RICHARD
Betty,KIRK
Brenda,BRUCE
Pamela,SINGLETON
Aaron,MATHIS
Kelly,BRADFORD
Heather,BOONE
Rachel,ABBOTT
Adam,CHARLES
Christine,ALLISON
Zachary,SWEENEY
Debra,ATKINSON
Katherine,HORN
Dennis,JEFFERSON
Nathan,ROSALES
Christina,YORK
Julie,CHRISTIAN
Jordan,PHELPS
Kyle,FARRELL
Anna,CASTANEDA
Michael,NASH
James,DICKERSON
John,BOND
Robert,WYATT
David,FOLEY
William,CHASE
Mary,GATES
Christopher,VINCENT
Joseph,MATHEWS
Richard,HODGE
Daniel,GARRISON
Thomas,TREVINO
Matthew,VILLARREAL
Jennifer,HEATH
Charles,DALTON
Anthony,VALENCIA
Patricia,CALLAHAN
Linda,HENSLEY
Mark,ATKINS
Elizabeth,HUFFMAN
Joshua,ROY
Steven,BOYER
Andrew,SHIELDS
Kevin,LIN
Brian,HANCOCK
Barbara,GRIMES
Jessica,GLENN
Jason,CLINE
Susan,DELACRUZ
Timothy,CAMACHO
Paul,DILLON
Kenneth,PARRISH
Lisa,ONEILL
Ryan,MELTON
Sarah,BOOTH
Karen,KANE
Jeffrey,BERG
Donald,HARRELL
Ashley,PITTS
Eric,SAVAGE
Jacob,WIGGINS
Nicholas,BRENNAN
Jonathan,SALAS
Ronald,MARKS
Michelle,RUSSO
Kimberly,SAWYER
Nancy,BAXTER
Justin,GOLDEN
Sandra,HUTCHINSON
Amanda,LIU
Brandon,WALTER
Stephanie,MCDOWELL
Emily,WILEY
Melissa,RICH
Gary,HUMPHREY
Edward,JOHNS
Stephen,KOCH
Scott,SUAREZ
George,HOBBS
Donna,BEARD
Jose,GILMORE
Rebecca,IBARRA
Deborah,KEITH
Laura,MACIAS
Cynthia,KHAN
Carol,ANDRADE
Amy,WARE
Margaret,STEPHENSON
Gregory,HENSON
Sharon,WILKERSON
Larry,DYER
Angela,MCCLURE
Maria,BLACKWELL
Alexander,MERCADO
Benjamin,TANNER
Nicole,EATON
Kathleen,CLAY
Patrick,BARRON
Samantha,BEASLEY
Tyler,ONEAL
Samuel,PRESTON
Betty,SMALL
Brenda,WU
Pamela,ZAMORA
Aaron,MACDONALD
Kelly,VANCE
Heather,SNOW
Rachel,MCCLAIN
Adam,STAFFORD
Christine,OROZCO
Zachary,BARRY
Debra,ENGLISH
Katherine,SHANNON
Dennis,KLINE
Nathan,JACOBSON
Christina,WOODARD
Julie,HUANG
Jordan,KEMP
Kyle,MOSLEY
Anna,PRINCE
Michael,MERRITT
James,HURST
John,VILLANUEVA
Robert,ROACH
David,NOLAN
William,LAM
Mary,YODER
Christopher,MCCULLOUGH
Joseph,LESTER
Richard,SANTANA
Daniel,VALENZUELA
Thomas,WINTERS
Matthew,BARRERA
Jennifer,LEACH
Charles,ORR
Anthony,BERGER
Patricia,MCKEE
Linda,STRONG
Mark,CONWAY
Elizabeth,STEIN
Joshua,WHITEHEAD
Steven,BULLOCK
Andrew,ESCOBAR
Kevin,KNOX
Brian,MEADOWS
Barbara,SOLOMON
Jessica,VELEZ
Jason,ODONNELL
Susan,KERR
Timothy,STOUT
Paul,BLANKENSHIP
Kenneth,BROWNING
Lisa,KENT
Ryan,LOZANO
Sarah,BARTLETT
Karen,PRUITT
Jeffrey,BUCK
Donald,BARR
Ashley,GAINES
Eric,DURHAM
Jacob,GENTRY
Nicholas,MCINTYRE
Jonathan,SLOAN
Ronald,ROCHA
Michelle,MELENDEZ
Kimberly,HERMAN
Nancy,SEXTON
Justin,MOON
Sandra,HENDRICKS
Amanda,RANGEL
Brandon,STARK
Stephanie,LOWERY
Emily,HARDIN
Melissa,HULL
Gary,SELLERS
Edward,ELLISON
Stephen,CALHOUN
Scott,GILLESPIE
George,MORA
Donna,KNAPP
Jose,MCCALL
Rebecca,MORSE
Deborah,DORSEY
Laura,WEEKS
Cynthia,NIELSEN
Carol,LIVINGSTON
Amy,LEBLANC
Margaret,MCLEAN
Gregory,BRADSHAW
Sharon,GLASS
Larry,MIDDLETON
Angela,BUCKLEY
Maria,SCHAEFER
Alexander,FROST
Benjamin,HOWE
Nicole,HOUSE
Kathleen,MCINTOSH
Patrick,HO
Samantha,PENNINGTON
Tyler,REILLY
Samuel,HEBERT
Betty,MCFARLAND
Brenda,HICKMAN
Pamela,NOBLE
Aaron,SPEARS
Kelly,CONRAD
Heather,ARIAS
Rachel,GALVAN
Adam,VELAZQUEZ
Christine,HUYNH
Zachary,FREDERICK
Debra,RANDOLPH
Katherine,CANTU
Dennis,FITZPATRICK
Nathan,MAHONEY
Christina,PECK
Julie,VILLA
Jordan,MICHAEL
Kyle,DONOVAN
Anna,MCCONNELL
Michael,WALLS
James,BOYLE
John,MAYER
Robert,ZUNIGA
David,GILES
William,PINEDA
Mary,PACE
Christopher,HURLEY
Joseph,MAYS
Richard,MCMILLAN
Daniel,CROSBY
Thomas,AYERS
Matthew,CASE
Jennifer,BENTLEY
Charles,SHEPARD
Anthony,EVERETT
Patricia,PUGH
Linda,DAVID
Mark,MCMAHON
Elizabeth,DUNLAP
Joshua,BENDER
Steven,HAHN
Andrew,HARDING
Kevin,ACEVEDO
Brian,RAYMOND
Barbara,BLACKBURN
Jessica,DUFFY
Jason,LANDRY
Susan,DOUGHERTY
Timothy,BAUTISTA
Paul,SHAH
Kenneth,POTTS
Lisa,ARROYO
Ryan,VALENTINE
Sarah,MEZA
Karen,GOULD
Jeffrey,VAUGHAN
Donald,FRY
Ashley,RUSH
Eric,AVERY
Jacob,HERRING
Nicholas,DODSON
Jonathan,CLEMENTS
Ronald,SAMPSON
Michelle,TAPIA
Kimberly,BEAN
Nancy,LYNN
Justin,CRANE
Sandra,FARLEY
Amanda,CISNEROS
Brandon,BENTON
Stephanie,ASHLEY
Emily,MCKAY
Melissa,FINLEY
Gary,BEST
Edward,BLEVINS
Stephen,FRIEDMAN
Scott,MOSES
George,SOSA
Donna,BLANCHARD
Jose,HUBER
Rebecca,FRYE
Deborah,KRUEGER
Laura,BERNARD
Cynthia,ROSARIO
Carol,RUBIO
Amy,MULLEN
Margaret,BENJAMIN
Gregory,HALEY
Sharon,CHUNG
Larry,MOYER
Angela,CHOI
Maria,HORNE
Alexander,YU
Benjamin,WOODWARD
Nicole,ALI
Kathleen,NIXON
Patrick,HAYDEN
Samantha,RIVERS
Tyler,ESTES
Samuel,MCCARTY
Betty,RICHMOND
Brenda,STUART
Pamela,MAYNARD
Aaron,BRANDT
Kelly,OCONNELL
Heather,HANNA
Rachel,SANFORD
Adam,SHEPPARD
Christine,CHURCH
Zachary,BURCH
Debra,LEVY
Katherine,RASMUSSEN
Dennis,COFFEY
Nathan,PONCE
Christina,FAULKNER
Julie,DONALDSON
Jordan,SCHMITT
Kyle,NOVAK
Anna,COSTA
Michael,MONTES
James,BOOKER
John,CORDOVA
Robert,WALLER
David,ARELLANO
William,MADDOX
Mary,MATA
Christopher,BONILLA
Joseph,STANTON
Richard,COMPTON
Daniel,KAUFMAN
Thomas,DUDLEY
Matthew,MCPHERSON
Jennifer,BELTRAN
Charles,DICKSON
Anthony,MCCANN
Patricia,VILLEGAS
Linda,PROCTOR
Mark,HESTER
Elizabeth,CANTRELL
Joshua,DAUGHERTY
Steven,CHERRY
Andrew,BRAY
Kevin,DAVILA
Brian,ROWLAND
Barbara,LEVINE
Jessica,MADDEN
Jason,SPENCE
Susan,GOOD
Timothy,IRWIN
Paul,WERNER
Kenneth,KRAUSE
Lisa,PETTY
Ryan,WHITNEY
Sarah,BAIRD
Karen,HOOPER
Jeffrey,POLLARD
Donald,ZAVALA
Ashley,JARVIS
Eric,HOLDEN
Jacob,HAAS
Nicholas,HENDRIX
Jonathan,MCGRATH
Ronald,BIRD
Michelle,LUCERO
Kimberly,TERRELL
Nancy,RIGGS
Justin,JOYCE
Sandra,MERCER
Amanda,ROLLINS
Brandon,GALLOWAY
Stephanie,DUKE
Emily,ODOM
Melissa,ANDERSEN
Gary,DOWNS
Edward,HATFIELD
Stephen,BENITEZ
Scott,ARCHER
George,HUERTA
Donna,TRAVIS
Jose,MCNEIL
Rebecca,HINTON
Deborah,ZHANG
Laura,HAYS
Cynthia,MAYO
Carol,FRITZ
Amy,BRANCH
Margaret,MOONEY
Gregory,EWING
Sharon,RITTER
Larry,ESPARZA
Angela,FREY
Maria,BRAUN
Alexander,GAY
Benjamin,RIDDLE
Nicole,HANEY
Kathleen,KAISER
Patrick,HOLDER
Samantha,CHANEY
Tyler,MCKNIGHT
Samuel,GAMBLE
Betty,VANG
Brenda,COOLEY
Pamela,CARNEY
Aaron,COWAN
Kelly,FORBES
Heather,FERRELL
Rachel,DAVIES
Adam,BARAJAS
Christine,SHEA
Zachary,OSBORN
Debra,BRIGHT
Katherine,CUEVAS
Dennis,BOLTON
Nathan,MURILLO
Christina,LUTZ
Julie,DUARTE
Jordan,KIDD
Kyle,KEY
Anna,COOKE
