{
    "layout": "default",
    "fields": [
      {
        "label": "Case ID",
        "field": "caseId",
        "type": "text",
        "editable": false
      },
      {
        "label": "Case Title",
        "field": "caseTitle",
        "type": "text",
        "editable": false
      },
      {
        "label": "Assignee",
        "field": "assignee",
        "type": "text",
        "editable": false
      },
      {
        "label": "Status",
        "field": "status",
        "type": "select",
        "options": ["Review", "Assessment Done"],
        "editable": true
      },
      {
        "label": "Assessment",
        "field": "assessment",
        "type": "radio",
        "options": ["False Positive", "True Positive"],
        "editable": true
      },
      {
        "label": "Staff Involved",
        "field": "staffInvolved",
        "type": "text",
        "editable": true
      },
      {
        "label": "Anomaly Details Summary",
        "field": "anomalySummary",
        "type": "textarea",
        "editable": true
      },
      {
        "label": "Case File",
        "field": "caseFile",
        "type": "file",
        "editable": true
      },
      {
        "label": "Reassign Nomination",
        "field": "reassignNomination",
        "type": "select",
        "editable": true,
        "api": "/staff-security-saam/usergroups/12/users"  
      },
      {
    
        "field": "reassignButton",
        "type": "button",
        "label": "Reassign",
        "editable": true,
        "submitApi": "/domain-ms/case-assessment/submit"
      }
    ]
  }
  