{
  "layout": "tabular",
  "columns": [
    {
      "label": "Case ID",
      "field": "caseId",
      "type": "text",
      "editable": false
    },
    {
      "label": "Case Title",
      "field": "caseTitle",
      "type": "text",
      "editable": false
    },
    {
      "label": "Assignee",
      "field": "assignee",
      "type": "text",
      "editable": false
    },
    {
      "label": "Status",
      "field": "status",
      "type": "select",
      "options": ["Open", "In Progress", "Closed"],
      "editable": true
    },
    {
      "label": "Created Date",
      "field": "createdDate",
      "type": "date",
      "editable": false
    },
    {
      "label": "Due Date",
      "field": "dueDate",
      "type": "date",
      "editable": false
    },
    {
      "label": "Priority",
      "field": "priority",
      "type": "select",
      "options": ["Low", "Medium", "High"],
      "editable": false
    }
  ]
}
