{
    "layout": "2-column",  
    "fields": [
      {
        "type": "text",
        "label": "First Name",
        "name": "firstName",
        "placeholder": "Enter your first name"
      },
      {
        "type": "text",
        "label": "Last Name",
        "name": "lastName",
        "placeholder": "Enter your last name"
      },
      {
        "type": "email",
        "label": "Email",
        "name": "email",
        "placeholder": "Enter your email"
      },
      {
        "type": "date",
        "label": "Date of Birth",
        "name": "dob"
      },
      {
        "type": "select",
        "label": "Country",
        "name": "country",
        "options": ["USA", "Canada", "Australia"]
      }
    ]
  }
  