{
    "sections": [
      {
        "sectionName": "header",
        "layout": "2-column",
        "fields": [
          {
            "label": "Case ID",
            "field": "caseId",
            "type": "text",
            "editable": false
          },
          {
            "label": "Priority",
            "field": "priority",
            "type": "text",
            "editable": false
          },
          {
            "label": "Channel/Application",
            "field": "channelApplication",
            "type": "text",
            "editable": false
          },
          {
            "label": "Domain",
            "field": "domain",
            "type": "text",
            "editable": false
          },
          {
            "label": "Function",
            "field": "function",
            "type": "text",
            "editable": false
          },
          {
            "label": "Creation Date/Time",
            "field": "creationDate",
            "type": "datetime",
            "editable": false
          },
          {
            "label": "Due Date",
            "field": "dueDate",
            "type": "datetime",
            "editable": false
          },
          {
            "label": "Assigned To",
            "field": "assignedTo",
            "type": "text",
            "editable": false
          },
          {
            "label": "Status",
            "field": "status",
            "type": "text",
            "editable": false
          },
          {
            "label": "Ageing (Days)",
            "field": "ageing",
            "type": "number",
            "editable": false
          }
        ]
      },
      {
        "sectionName": "details",
        "layout": "2-column",
        "fields": [
          {
            "label": "Request Type",
            "field": "requestType",
            "type": "text",
            "editable": false
          },
          {
            "label": "Product/Services",
            "field": "productServices",
            "type": "text",
            "editable": false
          },
          {
            "label": "Process",
            "field": "process",
            "type": "text",
            "editable": false
          },
          {
            "label": "CIF",
            "field": "cif",
            "type": "text",
            "editable": false
          },
          {
            "label": "Customer Name",
            "field": "customerName",
            "type": "text",
            "editable": false
          },
          {
            "label": "Reassign Nomination",
            "field": "reassignNomination",
            "type": "select",
            "api": "/v1/staff-security/user-groups/{group-id}/users",
            "editable": true
          }
        ]
      },
      {
        "sectionName": "actionBar",
        "layout": "3-column",
        "fields": [
         
          {
            "label": "Reassign",
            "field": "reassignButton",
            "type": "button",
            "action": "submit",
            "api": "/v1/common-forms/tasks/{action-type=CHANGE APPROVER}",
            "buttonLength": "long"
          },
          {
            "label": "Approve",
            "field": "approveButton",
            "type": "button",
            "action": "submit",
            "api": "/v1/common-forms/tasks/{action-type=APPROVE}",
            "buttonLength": "medium"
          },
          {
            "label": "Reject",
            "field": "rejectButton",
            "type": "button",
            "action": "submit",
            "api": "/v1/common-forms/tasks/{action-type=REJECT}",
            "buttonLength": "short"
          }
          
        ]
      }
    ]
  }
  