{
    "fields": [
      {
        "label": "Create Case",
        "field": "createCase",
        "type": "text",
        "mandatory": true,
        "display": true
      },
      {
        "label": "Case ID",
        "field": "caseId",
        "type": "text",
        "mandatory": true,
        "display": true
      },
      {
        "label": "Priority",
        "field": "priority",
        "type": "text",
        "mandatory": true,
        "display": true
      },
      {
        "label": "Product/Services",
        "field": "productServices",
        "type": "text",
        "mandatory": true,
        "display": true
      },
      {
        "label": "Submit",
        "field": "submitButton",
        "type": "button",
        "api": "/v1/common-forms/tasks/{action-type=SUBMIT}",
        "display": true
      },
      {
        "label": "Save",
        "field": "saveButton",
        "type": "button",
        "api": "/v1/common-forms/tasks/{action-type=SAVE}",
        "display": true
      },
      {
        "label": "Cancel",
        "field": "cancelButton",
        "type": "button",
        "action": "navigate",
        "navigateTo": "/task-listing", 
        "display": true
      }
    ]
  }
  