{
    "fields": [
      {
        "label": "Start Date",
        "field": "startDate",
        "type": "date"
      },
      {
        "label": "End Date",
        "field": "endDate",
        "type": "date"
      },
      {
        "label": "Search",
        "field": "searchTerm",
        "type": "text"
      }
    ],
    "listingFields": [
      { "label": "Case ID", "field": "caseId", "type": "text", "isLink": true },
      { "label": "Priority", "field": "priority", "type": "text" },
      { "label": "Request Type", "field": "requestType", "type": "text" },
      { "label": "Product/Services", "field": "productServices", "type": "text" },
      { "label": "CIF", "field": "cif", "type": "text" },
      { "label": "Customer Name", "field": "customerName", "type": "text" },
      { "label": "Creation Date/Time", "field": "creationDate", "type": "datetime" },
      { "label": "Due Date", "field": "dueDate", "type": "datetime" },
      { "label": "Assigned To", "field": "assignedTo", "type": "text" },
      { "label": "Status", "field": "status", "type": "text" },
      { "label": "Ageing (Days)", "field": "ageing", "type": "number" }
    ]
  }
  