<?xml version="1.0" encoding="UTF-8"?>
<beans xmlns="http://www.springframework.org/schema/beans"
       xmlns:xsi="http://www.w3.org/2001/XMLSchema-instance"
       xmlns:camel="http://camel.apache.org/schema/spring"
       xsi:schemaLocation="
         http://www.springframework.org/schema/beans
         http://www.springframework.org/schema/beans/spring-beans.xsd
         http://camel.apache.org/schema/spring
         http://camel.apache.org/schema/spring/camel-spring.xsd">


            <!-- Define the fixedLengthProcessor bean -->
    <bean id="fixedLengthProcessor" class="org.ocbc.deposit.placement.FixedLengthProcessor"/>
    

    <!-- Define the Camel Context -->
    <camel:camelContext id="camelContext">
        <camel:route id="direct-to-file-processor">
            <camel:from uri="direct:startx"/>
            <camel:log message="Received request to process file"/>
            <!-- Forward the message to the file processing route -->
            <camel:to uri="direct:fileProcessor"/>
        </camel:route>

        <camel:route id="file-processor">
            <!-- Listen on a direct endpoint -->
            <camel:from uri="direct:fileProcessor"/>
            <camel:split parallelProcessing="true">
                <camel:tokenize token="\n"/>
                <camel:log message="Processing record ${headers.CamelSplitIndex}: ${body}"/>
                <!-- Use the fixedLengthProcessor for processing each split part -->
            
            </camel:split>
        </camel:route>
    </camel:camelContext>
    
 
</beans>
